﻿[
  {
    "id": "more-i-sol",
    "name": "ООО \"Море и Соль\"",
    "region": "Москва",
    "city": "Москва",
    "address": "г. Москва, ул. Никулинская 33 стр 1",
    "products": ["Икра", "Рыба"],
    "logo": "/images/more-i-sol.webp",
    "verified": true,
    "shortDescription": "Премиум-поставщик икры и рыбы для ресторанов и сетей.",
    "fullDescription": "Описание",
    "advantages": ["Преимущество 1", "Преимущество 2"],
    "delivery": "Доставка по Москве и РФ",
    "volumes": "От 50 кг",
    "priceList": "/files/more-i-sol-price.pdf",
    "contacts": {
      "telegram": "@moreisol_yg",
      "phone": "+7 985 550 57 47",
      "email": "info@moreisol.ru",
      "site": "https://moreisol.ru"
    },
    "certs": ["Честный знак", "Меркурий"],
    "gallery": ["/images/more-i-sol-1.webp"],
    "mapUrl": "https://yandex.ru/maps/",
    "premium": false,
    "paid_until": null
  }
]
